{
  "metadata": {
    "created_at": "2025-08-13T20:12:56.947212",
    "schema_version": "2.0",
    "reference_cohort_size": 322,
    "total_measurements": 322,
    "excluded_groups": [
      "HX",
      "GX"
    ],
    "phase_labels": {
      "0": "0–48s",
      "1": "Günlük",
      "2": "Haftalık",
      "3": "Aylık"
    }
  },
  "phase_bands": [
    {
      "date_code": 0,
      "label": "0–48s",
      "n_samples": 91,
      "mean": 3.90309979894952,
      "median": 2.45,
      "std": 4.305376817841124,
      "mad": 1.9391640866873066,
      "p2_5": 0.05417042146252455,
      "p5": 0.0684667777875175,
      "p10": 0.1485,
      "p25": 0.6340591196847537,
      "p75": 5.375479608494473,
      "p90": 10.705558901459463,
      "p95": 14.057500000000001,
      "p97_5": 15.20625,
      "min": 0.0222172850477671,
      "max": 16.560000000000002,
      "skewness": 1.4743311105287078,
      "kurtosis": 1.3714494508589596,
      "clinical_thresholds": {
        "normal_upper": 0.5,
        "attention_upper": 2.0,
        "critical_upper": 5.0
      },
      "reference_thresholds": {
        "median_plus_2mad": 6.328328173374613,
        "median_plus_3mad": 8.267492260061921,
        "p95_threshold": 14.057500000000001,
        "p97_5_threshold": 15.20625
      }
    },
    {
      "date_code": 1,
      "label": "Günlük",
      "n_samples": 88,
      "mean": 1.5422298282530642,
      "median": 0.7575000000000001,
      "std": 2.4478111338621305,
      "mad": 0.635630892586198,
      "p2_5": 0.05113117969239205,
      "p5": 0.0635363430740348,
      "p10": 0.09190328476046593,
      "p25": 0.23166115702479337,
      "p75": 1.6925000000000001,
      "p90": 4.341113653328089,
      "p95": 5.672749999999998,
      "p97_5": 6.054798752496947,
      "min": 0.040866367,
      "max": 18.45,
      "skewness": 4.284874914032502,
      "kurtosis": 25.85821485780596,
      "clinical_thresholds": {
        "normal_upper": 0.5,
        "attention_upper": 2.0,
        "critical_upper": 5.0
      },
      "reference_thresholds": {
        "median_plus_2mad": 2.028761785172396,
        "median_plus_3mad": 2.664392677758594,
        "p95_threshold": 5.672749999999998,
        "p97_5_threshold": 6.054798752496947
      }
    },
    {
      "date_code": 2,
      "label": "Haftalık",
      "n_samples": 66,
      "mean": 0.9914712934294196,
      "median": 0.375071125,
      "std": 1.8403682754994033,
      "mad": 0.26589643949999997,
      "p2_5": 0.07303770659131575,
      "p5": 0.09225569988850013,
      "p10": 0.10254521773095925,
      "p25": 0.13524840625,
      "p75": 0.7445625,
      "p90": 2.338425010777214,
      "p95": 4.7745,
      "p97_5": 5.459284511875,
      "min": 0.01,
      "max": 11.8115,
      "skewness": 3.9355741278694176,
      "kurtosis": 18.890520501354022,
      "clinical_thresholds": {
        "normal_upper": 0.5,
        "attention_upper": 2.0,
        "critical_upper": 5.0
      },
      "reference_thresholds": {
        "median_plus_2mad": 0.906864004,
        "median_plus_3mad": 1.1727604434999999,
        "p95_threshold": 4.7745,
        "p97_5_threshold": 5.459284511875
      }
    },
    {
      "date_code": 3,
      "label": "Aylık",
      "n_samples": 77,
      "mean": 0.8417834488034016,
      "median": 0.19675,
      "std": 2.0527846816389212,
      "mad": 0.13,
      "p2_5": 0.01748403086962911,
      "p5": 0.02379582997761814,
      "p10": 0.04206429192006946,
      "p25": 0.0908815510451378,
      "p75": 0.41,
      "p90": 2.652996581,
      "p95": 3.0564137812,
      "p97_5": 3.9019171499999796,
      "min": 0.0140370578326782,
      "max": 15.4953505,
      "skewness": 5.386824450485116,
      "kurtosis": 35.210171736317854,
      "clinical_thresholds": {
        "normal_upper": 0.5,
        "attention_upper": 2.0,
        "critical_upper": 5.0
      },
      "reference_thresholds": {
        "median_plus_2mad": 0.45675,
        "median_plus_3mad": 0.58675,
        "p95_threshold": 3.0564137812,
        "p97_5_threshold": 3.9019171499999796
      }
    }
  ]
}